"","Df","Sum Sq","Mean Sq","F value","Pr(>F)"
"Standard_Length",1,10811.2008254426,10811.2008254426,3992.37796133583,4.50818766361978e-101
"Genus",6,1021.31659681199,170.219432801998,62.8589111498596,1.906181897817e-36
"Standard_Length:Genus",6,1658.24148055314,276.37358009219,102.059688657238,2.62967483054028e-47
"Residuals",133,360.158713355574,2.70796025079379,NA,NA
