"","Df","Sum Sq","Mean Sq","F value","Pr(>F)"
"Standard_Length",1,12616.9876582141,12616.9876582141,11931.2537008626,4.54907063330016e-132
"Genus",6,474.333889809381,79.0556483015634,74.7589695673546,3.41298098950431e-40
"Standard_Length:Genus",6,180.632287781256,30.105381296876,28.4691522053111,1.03859030445433e-21
"Residuals",133,140.64400947414,1.05747375544466,NA,NA
