"","Df","Sum Sq","Mean Sq","F value","Pr(>F)"
"Standard_Length",1,1695.71134551644,1695.71134551644,805.972565407725,2.67024431910616e-58
"Genus",6,197.580735464988,32.930122577498,15.6517059599515,1.54075316627949e-13
"Standard_Length:Genus",6,112.623300972061,18.7705501620102,8.92165315057336,3.49098267612401e-08
"Residuals",133,279.82293521318,2.10393184370812,NA,NA
