"","Df","Sum Sq","Mean Sq","F value","Pr(>F)"
"Standard_Length",1,19979.1947128192,19979.1947128192,6900.69037854709,1.74473504983109e-116
"Genus",6,848.378468626396,141.396411437733,48.8374466536126,2.65134205492101e-31
"Standard_Length:Genus",6,1365.06800384708,227.511333974514,78.5810086910558,2.66504971614496e-41
"Residuals",133,385.067689033807,2.89524578220908,NA,NA
