"","Df","Sum Sq","Mean Sq","F value","Pr(>F)"
"Standard_Length",1,4693.97156731181,4693.97156731181,4347.69507185591,1.85058239054415e-103
"Genus",6,56.9706419178955,9.49510698631591,8.79464846754323,4.49507440343822e-08
"Standard_Length:Genus",6,27.6428180354892,4.6071363392482,4.26726571950432,0.000577832817837532
"Residuals",133,143.592917197382,1.07964599396528,NA,NA
