"","Df","Sum Sq","Mean Sq","F value","Pr(>F)"
"Standard_Length",1,1222.98116417768,1222.98116417768,2351.03304085391,2.03767332272871e-86
"Genus",6,28.853871265091,4.80897854418183,9.2446783166371,1.84166856147413e-08
"Standard_Length:Genus",6,11.1208385977024,1.85347309961707,3.56307735979207,0.00263894897699346
"Residuals",133,69.185116503745,0.520188845892819,NA,NA
