"","Df","Sum Sq","Mean Sq","F value","Pr(>F)"
"Standard_Length",1,11688.3942232861,11688.3942232861,5106.55525391869,5.59438360885468e-108
"Genus",6,759.988695831293,126.664782638549,55.338714532808,8.41434200653314e-34
"Standard_Length:Genus",6,772.557033106715,128.759505517786,56.2538802878406,3.89017778048904e-34
"Residuals",133,304.423697463002,2.28889998092483,NA,NA
