"","Df","Sum Sq","Mean Sq","F value","Pr(>F)"
"Standard_Length",1,247.101247368929,247.101247368929,4802.9924988228,2.96326594803192e-106
"Genus",6,3.87215185336093,0.645358642226821,12.5440593710886,3.55528206795943e-11
"Standard_Length:Genus",6,0.959089460829308,0.159848243471551,3.10702565251559,0.00701504083017427
"Residuals",133,6.84249786109858,0.051447352339087,NA,NA
