"","Df","Sum Sq","Mean Sq","F value","Pr(>F)"
"Standard_Length",1,3754.37894069491,3754.37894069491,3841.39288289119,5.38398435121711e-100
"Genus",6,420.578109342087,70.0963515570145,71.7209504531035,2.78380919018627e-39
"Standard_Length:Genus",6,388.828072692584,64.8046787820973,66.306634408492,1.39257269173953e-37
"Residuals",133,129.987328642262,0.977348335656102,NA,NA
